{
  "project_info": {
    "project_number": "66289342491",
    "project_id": "appmake-a24f9",
    "storage_bucket": "appmake-a24f9.appspot.com"
  },
  "client": [
    {
      "client_info": {
        "mobilesdk_app_id": "1:66289342491:android:c8a64a5608654e753080be",
        "android_client_info": {
          "package_name": "br.edu.ifms.onmakup"
        }
      },
      "oauth_client": [
        {
          "client_id": "66289342491-b9b6bulgujcjlba5m2fjjamnk32jiihp.apps.googleusercontent.com",
          "client_type": 3
        }
      ],
      "api_key": [
        {
          "current_key": "AIzaSyBRCICL07YVDgFHmQL5tu4X06YzEKcpA68"
        }
      ],
      "services": {
        "appinvite_service": {
          "other_platform_oauth_client": [
            {
              "client_id": "66289342491-b9b6bulgujcjlba5m2fjjamnk32jiihp.apps.googleusercontent.com",
              "client_type": 3
            }
          ]
        }
      }
    },
    {
      "client_info": {
        "mobilesdk_app_id": "1:66289342491:android:a0a19280dc40de9d3080be",
        "android_client_info": {
          "package_name": "com.example.login"
        }
      },
      "oauth_client": [
        {
          "client_id": "66289342491-b9b6bulgujcjlba5m2fjjamnk32jiihp.apps.googleusercontent.com",
          "client_type": 3
        }
      ],
      "api_key": [
        {
          "current_key": "AIzaSyBRCICL07YVDgFHmQL5tu4X06YzEKcpA68"
        }
      ],
      "services": {
        "appinvite_service": {
          "other_platform_oauth_client": [
            {
              "client_id": "66289342491-b9b6bulgujcjlba5m2fjjamnk32jiihp.apps.googleusercontent.com",
              "client_type": 3
            }
          ]
        }
      }
    }
  ],
  "configuration_version": "1"
}